Processo                 ; Crime               ; Cidade                 ; Vara                                                                  ; Juiz                                             ; Pena_Base          ; Pena_Definitiva            ; anos_b; meses_b; dias_b; anos_d; meses_d; dias_d
0000096-87.2017.8.26.0238; Furto               ; Ibiãºna                ; 2ªª Vara                                                              ; Luiz Fernando Angiolucci                         ; N/A                     ; N/A                    ;      0;       0;      0;      0;       0;      0
0000156-88.2017.8.26.0358; Furto               ; Mirassol               ; 1ª Vara                                                               ; Natália Berti                                    ; 2 ano 4 mês 0 dia       ; 3 ano 10 mês 20 dia    ;      2;       4;      0;      3;      10;     20
0000234-17.2016.8.26.0488; Furto               ; Queluz                 ; Vara Única                                                            ; LUCAS CAMPOS DE SOUZA                            ; N/A                     ; N/A                    ;      0;       0;      0;      0;       0;      0
0000449-43.2020.8.26.0620; Furto               ; Taquarituba            ; Vara Única                                                            ; DIANA CRISTINA SILVA SPESSOTTO                   ; 2 ano 9 mês 0 dia       ; 2 ano 9 mês 0 dia      ;      2;       9;      0;      2;       9;      0
0000449-43.2020.8.26.0620; Furto               ; Taquarituba            ; Vara Única                                                            ; DIANA CRISTINA SILVA SPESSOTTO                   ; N/A                     ; "N/A"""                ;      0;       0;      0;      0;       0;      0
0000581-75.2017.8.26.0630; Furto               ; Nova Odessa            ; 1ªª Vara Judicial                                                     ; Letã­cia Lemos Rossi                             ; N/A                     ; N/A                    ;      0;       0;      0;      0;       0;      0
0000618-37.2017.8.26.0587; Furto               ; São Sebastião          ; Vara Criminal                                                         ; GLAUCIA FERNANDES PAIVA                          ; N/A                     ; N/A                    ;      0;       0;      0;      0;       0;      0
0000801-94.2016.8.26.0311; Furto               ; Junqueirã³polis        ; Vara Única                                                            ; VANDICKSON SOARES EMIDIO                         ; 1 ano 0 mês 0 dia       ; 1 ano 0 mês 0 dia      ;      1;       0;      0;      1;       0;      0
0000967-64.2015.8.26.0537; Furto               ; Diadema                ; 1ª Vara Criminal                                                      ; KLEBER LELES DE SOUZA                            ; 1 ano, 4 mês, 0 dia     ; 1 ano, 4 mês, 0 dia    ;      1;       4;      0;      1;       4;      0
0001238-74.2016.8.26.0493; Furto               ; Regente Feijó          ; Vara Única                                                            ; MARCEL PANGONI GUERRA                            ; 1 ano 2 mês 0 dia       ; 1 ano 6 mês 20 dia     ;      1;       2;      0;      1;       6;     20
0001450-87.2016.8.26.0625; Furto               ; Taubaté                ; 1ª Vara Criminal                                                      ; Cláudia Calles Novellino Ballestero              ; N/A                     ; N/A                    ;      0;       0;      0;      0;       0;      0
0001450-87.2016.8.26.0625; Furto               ; Taubaté                ; 1ª Vara Criminal                                                      ; Cláudia Calles Novellino Ballestero              ; N/A                     ; "N/A"""                ;      0;       0;      0;      0;       0;      0
0001610-74.2017.8.26.0594; Furto               ; Bauru                  ; 3ªª Vara Criminal                                                     ; Cláudio Augusto Saad Abujamra                    ; 2 ano 4 mês 0 dia       ; 1 ano 6 mês 20 dia     ;      2;       4;      0;      1;       6;     20
0001610-74.2017.8.26.0594; Furto               ; Bauru                  ; 3ªª Vara Criminal                                                     ; Cláudio Augusto Saad Abujamra                    ; N/A                     ; "N/A"""                ;      0;       0;      0;      0;       0;      0
0001862-87.2020.8.26.0201; Furto               ; Garã§a                 ; 3ªª Vara                                                              ; TIAGO TADEU SANTOS COELHO                        ; N/A                     ; N/A                    ;      0;       0;      0;      0;       0;      0
0002147-21.2018.8.26.0405; Furto               ; Osasco                 ; 4ª Vara Criminal                                                      ; MARIANA HORTA GREENHALGH                         ; N/A                     ; N/A                    ;      0;       0;      0;      0;       0;      0
0002147-21.2018.8.26.0405; Furto               ; Osasco                 ; 4ª Vara Criminal                                                      ; MARIANA HORTA GREENHALGH                         ; N/A                     ; "N/A"""                ;      0;       0;      0;      0;       0;      0
0002511-28.2016.8.26.0028; Furto               ; Aparecida              ; 2ªª Vara                                                              ; ANDERSON DA SILVA ALMEIDA                        ; N/A                     ; N/A                    ;      0;       0;      0;      0;       0;      0
0002645-28.2013.8.26.0168; Furto               ; Dracena                ; 1ªª Vara                                                              ; ALINE TABUCHI DA SILVA                           ; N/A                     ; N/A                    ;      0;       0;      0;      0;       0;      0
0003009-29.2015.8.26.0362; Furto               ; Mogi-Guaã§u            ; Vara Criminal                                                         ; PAULO ROGERIO MALVEZZI                           ; N/A                     ; N/A                    ;      0;       0;      0;      0;       0;      0
0003620-96.2016.8.26.0248; Furto               ; Indaiatuba             ; 2ªª Vara Criminal                                                     ; Daniela Faria Romano                             ; 2 ano 0 mês 0 dia       ; 2 ano 4 mês 0 dia      ;      2;       0;      0;      2;       4;      0
0003620-96.2016.8.26.0248; Furto               ; Indaiatuba             ; 2ªª Vara Criminal                                                     ; Daniela Faria Romano                             ; N/A                     ; "N/A"""                ;      0;       0;      0;      0;       0;      0
0004037-37.2012.8.26.0459; Furto               ; Pitangueiras           ; 1ªª Vara                                                              ; FREDERICO PUPO CARRIJO DE ANDRADE                ; N/A                     ; N/A                    ;      0;       0;      0;      0;       0;      0
0004262-86.2014.8.26.0459; Furto               ; Pitangueiras           ; 1ªª Vara                                                              ; FREDERICO PUPO CARRIJO DE ANDRADE                ; N/A                     ; N/A                    ;      0;       0;      0;      0;       0;      0
0004262-86.2014.8.26.0459; Furto               ; Pitangueiras           ; 1ª Vara                                                               ; FREDERICO PUPO CARRIJO DE ANDRADE                ; N/A                     ; N/A                    ;      0;       0;      0;      0;       0;      0
0005187-09.2022.8.26.0037; Furto               ; Araraquara             ; 3ª Vara Criminal                                                      ; Roberto Raineri Simão                            ; 3 ano 0 mês 0 dia       ; 5 ano 10 mês 0 dia     ;      3;       0;      0;      5;      10;      0
0005468-62.2007.8.26.0595; Furto (art. 155)    ; Serra Negra            ; 1ª Vara                                                               ; JULIANA MARIA FINATI                             ; N/A                     ; N/A                    ;      0;       0;      0;      0;       0;      0
0006308-68.2015.8.26.0441; Furto               ; Peruíbe                ; Juizado Especial Cível e Criminal                                     ; ANDERSON JOSÉ BORGES DA MOTA                     ; N/A                     ; N/A                    ;      0;       0;      0;      0;       0;      0
0007282-94.2006.8.26.0482; Furto (art. 155)    ; Presidente Prudente    ; 2ªª Vara Criminal                                                     ; Cibele Carrasco Rainho Novo                      ; N/A                     ; N/A                    ;      0;       0;      0;      0;       0;      0
0007820-41.2010.8.26.0157; Furto (art. 155)    ; Cubatã£o               ; 2ªª Vara                                                              ; Rodrigo Pinati da Silva                          ; N/A                     ; N/A                    ;      0;       0;      0;      0;       0;      0
0007820-41.2010.8.26.0157; Furto (art. 155)    ; Cubatã£o               ; 2ªª Vara                                                              ; Rodrigo Pinati da Silva                          ; N/A                     ; "N/A"""                ;      0;       0;      0;      0;       0;      0
0008543-17.2015.8.26.0050; Furto               ; SãO PAULO              ; 2ª Vara Criminal                                                      ; Rodrigo Cesar Muller Valente                     ; N/A                     ; N/A                    ;      0;       0;      0;      0;       0;      0
0009320-31.2016.8.26.0126; Furto               ; Caraguatatuba          ; Vara Criminal                                                         ; JULIO DA SILVA BRANCHINI                         ; N/A                     ; N/A                    ;      0;       0;      0;      0;       0;      0
0010424-05.2016.8.26.0564; Furto               ; Sã£o Bernardo do Campo ; 5ªª Vara Criminal                                                     ; Daniela de Carvalho Duarte                       ; N/A                     ; N/A                    ;      0;       0;      0;      0;       0;      0
0011174-68.1997.8.26.0565; Furto (art. 155)    ; Sã£o Caetano do Sul    ; 2ªª Vara Criminal e de Crimes contra a Vida                           ; Pedro Corrêa Liao                                ; N/A                     ; N/A                    ;      0;       0;      0;      0;       0;      0
0014379-13.2018.8.26.0196; Furto               ; Franca                 ; 3ª Vara Criminal                                                      ; Orlando Brossi Júnior                            ; N/A                     ; N/A                    ;      0;       0;      0;      0;       0;      0
0015800-25.2017.8.26.0050; Furto               ; SãO PAULO              ; 1ª Vara Criminal                                                      ; Luis Gustavo Esteves Ferreira                    ; N/A                     ; N/A                    ;      0;       0;      0;      0;       0;      0
0020687-49.2016.8.26.0224; Furto               ; Guarulhos              ; 5ª Vara Criminal                                                      ; PRISCILA DEVECHI FERRAZ MAIA                     ; N/A                     ; N/A                    ;      0;       0;      0;      0;       0;      0
0023067-43.2020.8.26.0050; Furto               ; SãO PAULO              ; 26ªª Vara Criminal                                                    ; Marcos Vieira de Morais                          ; 2 ano 0 mês 0 dia       ; 1 ano 0 mês 0 dia      ;      2;       0;      0;      1;       0;      0
0028914-65.2016.8.26.0050; Furto               ; SãO PAULO              ; 9ª Vara Criminal                                                      ; Lilian Lage Humes                                ; N/A                     ; N/A                    ;      0;       0;      0;      0;       0;      0
0032138-60.2006.8.26.0050; Furto               ; SãO PAULO              ; 6ª Vara Criminal                                                      ; Margot Chrysostomo Corrêa                        ; N/A                     ; N/A                    ;      0;       0;      0;      0;       0;      0
0039478-69.2017.8.26.0050; Furto               ; SãO PAULO              ; 23ªª Vara Criminal                                                    ; Cynthia Torres Cristofaro                        ; N/A                     ; N/A                    ;      0;       0;      0;      0;       0;      0
0046503-02.2018.8.26.0050; Furto               ; SãO PAULO              ; 15ª Vara Criminal                                                     ; MANOELA ASSEF DA SILVA                           ; 1 ano 0 mês 0 dia       ; 2 meses 20 dias        ;      1;       0;      0;      0;       2;     20
0049403-54.2003.8.26.0576; Furto (art. 155)    ; Sã£o José do Rio Preto ; 3ªª Vara Criminal                                                     ; Carolina Marchiori Bueno Cocenzo                 ; N/A                     ; N/A                    ;      0;       0;      0;      0;       0;      0
0049403-54.2003.8.26.0576; Furto (art. 155)    ; Sã£o José do Rio Preto ; 3ªª Vara Criminal                                                     ; Carolina Marchiori Bueno Cocenzo                 ; N/A                     ; N/A                    ;      0;       0;      0;      0;       0;      0
0049403-54.2003.8.26.0576; Furto (art. 155)    ; Sã£o José do Rio Preto ; 3ªª Vara Criminal                                                     ; Carolina Marchiori Bueno Cocenzo                 ; N/A                     ; N/A                    ;      0;       0;      0;      0;       0;      0
0049403-54.2003.8.26.0576; Furto (art. 155)    ; Sã£o José do Rio Preto ; 3ªª Vara Criminal                                                     ; Carolina Marchiori Bueno Cocenzo                 ; N/A                     ; "N/A"""                ;      0;       0;      0;      0;       0;      0
0055718-02.2018.8.26.0050; Furto               ; SãO PAULO              ; 9ª Vara Criminal                                                      ; Lilian Lage Humes                                ; N/A                     ; N/A                    ;      0;       0;      0;      0;       0;      0
0066340-14.2016.8.26.0050; Furto               ; SãO PAULO              ; 28ª Vara Criminal                                                     ; Fernanda Galizia Noriega                         ; N/A                     ; N/A                    ;      0;       0;      0;      0;       0;      0
0070051-37.2010.8.26.0050; Furto               ; SãO PAULO              ; 6ª Vara Criminal                                                      ; Erica Matos Teixeira Lima Siqueira               ; N/A                     ; N/A                    ;      0;       0;      0;      0;       0;      0
0075712-50.2017.8.26.0050; Furto               ; SãO PAULO              ; 16ªª Vara Criminal                                                    ; FABIOLA OLIVEIRA SILVA                           ; N/A                     ; N/A                    ;      0;       0;      0;      0;       0;      0
0083182-98.2018.8.26.0050; Furto               ; SãO PAULO              ; 24ª Vara Criminal                                                     ; Giovana Furtado de Oliveira                      ; N/A                     ; N/A                    ;      0;       0;      0;      0;       0;      0
0088711-98.2018.8.26.0050; Furto               ; SãO PAULO              ; 9ª Vara Criminal                                                      ; Lilian Lage Humes                                ; N/A                     ; N/A                    ;      0;       0;      0;      0;       0;      0
0094596-30.2017.8.26.0050; Furto               ; SãO PAULO              ; 9ª Vara Criminal                                                      ; Lilian Lage Humes                                ; N/A                     ; N/A                    ;      0;       0;      0;      0;       0;      0
0104165-89.2016.8.26.0050; Furto               ; SãO PAULO              ; 15ª Vara Criminal                                                     ; MANOELA ASSEF DA SILVA                           ; 1 ano 0 mês 0 dia       ; 0 ano 2 mês 20 dia     ;      1;       0;      0;      0;       2;     20
1005151-18.2022.8.26.0564; Furto               ; Sã£o Bernardo do Campo ; 1ªª Vara Criminal                                                     ; Sandra Regina Nostre Marques                     ; N/A                     ; N/A                    ;      0;       0;      0;      0;       0;      0
1500007-36.2022.8.26.0263; Furto               ; Itaí                   ; Vara Única                                                            ; AUGUSTO BRUNO MANDELLI                           ; 1 ano 2 mês 0 dia       ; 9 mês 10 dia           ;      1;       2;      0;      0;       9;     10
1500027-33.2022.8.26.0358; Furto               ; Mirassol               ; 1ªª Vara                                                              ; MARCOS VINICIUS KRAUSE BIERHALZ                  ; 1 ano 6 mês 0 dia       ; 1 ano 9 mês 0 dia      ;      1;       6;      0;      1;       9;      0
1500034-15.2022.8.26.0038; Furto               ; Araras                 ; Vara Criminal                                                         ; Rodrigo Peres Servidone Nagase                   ; N/A                     ; N/A                    ;      0;       0;      0;      0;       0;      0
1500040-44.2019.8.26.0582; Furto               ; Sã£o Miguel Arcanjo    ; Vara ãnica                                                            ; Matheus Oliveira Nery Borges                     ; N/A                     ; N/A                    ;      0;       0;      0;      0;       0;      0
1500052-08.2021.8.26.0382; Furto               ; Neves Paulista         ; Vara Única                                                            ; MILENA REPIZO RODRIGUES                          ; 1 ano 2 mês 0 dia       ; 1 ano 7 mês 1 dia      ;      1;       2;      0;      1;       7;      1
1500065-21.2022.8.26.0560; Furto               ; Votuporanga            ; 2ªª Vara Criminal e Da Infã¢ncia e Juventude                          ; MAURICIO JOSE NOGUEIRA                           ; 1 ano 2 mês 0 dia       ; 10 mês 26 dia          ;      1;       2;      0;      0;      10;     26
1500073-10.2021.8.26.0341; Furto               ; Maracaí                ; Vara Única                                                            ; Zander Barbosa Dalcin                            ; 1 ano, 4 meses e 15 dias; 2 ano, 9 meses e 0 dias;      1;       4;     15;      2;       9;      0
1500081-83.2021.8.26.0115; Furto               ; Campo Limpo Paulista   ; 2ªª Vara                                                              ; Marcel Nai Kai Lee                               ; N/A                     ; N/A                    ;      0;       0;      0;      0;       0;      0
1500091-68.2020.8.26.0534; Furto               ; Santa Branca           ; Vara Única                                                            ; Adriana Vicentin Pezzatti de Carvalho            ; 1 ano 4 mês 0 dia       ; 1 ano 4 mês 0 dia      ;      1;       4;      0;      1;       4;      0
1500108-66.2022.8.26.0136; Furto               ; Cerqueira César        ; 1ª Vara                                                               ; LEONARDO LABRIOLA FERREIRA MENINO                ; N/A                     ; 2 ano 4 mês 0 dia      ;      0;       0;      0;      2;       4;      0
1500115-12.2019.8.26.0638; Furto               ; Tupi Paulista          ; 1ªª Vara                                                              ; VANDICKSON SOARES EMIDIO                         ; N/A                     ; N/A                    ;      0;       0;      0;      0;       0;      0
1500126-72.2022.8.26.0626; Furto               ; Caraguatatuba          ; Vara Criminal                                                         ; JULIO DA SILVA BRANCHINI                         ; 2 ano 4 mês 0 dia       ; 2 ano 4 mês 0 dia      ;      2;       4;      0;      2;       4;      0
1500134-32.2022.8.26.0567; Furto               ; Sorocaba               ; 2ªª Vara Criminal                                                     ; Margarete Pellizari                              ; 2ano 4mês 0dia          ; 3ano 1mês 10dia        ;      2;       4;      0;      3;       1;     10
1500134-32.2022.8.26.0567; Furto               ; Sorocaba               ; 2ªª Vara Criminal                                                     ; Margarete Pellizari                              ; 2ano 4mês 0dia          ; "2ano 0mês 0dia"""     ;      2;       4;      0;      2;       0;      0
1500151-38.2020.8.26.0050; Furto               ; SãO PAULO              ; 25ªª Vara Criminal                                                    ; Carlos Alberto Corrêa de Almeida Oliveira        ; 1 ano 0 mês 0 dia       ; 8 meses 0 dia          ;      1;       0;      0;      0;       8;      0
1500159-69.2020.8.26.0032; Furto               ; Araçatuba              ; 3ª Vara Criminal                                                      ; Sérgio Ricardo Biella                            ; 2 ano 4 mês 0 dia       ; 3 ano 4 mês 0 dia      ;      2;       4;      0;      3;       4;      0
1500162-70.2020.8.26.0146; Furto               ; Cordeirã³polis         ; Vara ãnica                                                            ; JULIANA SILVA FREITAS                            ; N/A                     ; "0 ano, 8 mês,"" 0 dia";      0;       0;      0;      0;       8;      0
1500162-70.2020.8.26.0146; Furto               ; Cordeirã³polis         ; Vara ãnica                                                            ; JULIANA SILVA FREITAS                            ; N/A                     ; "0 ano"", 8 mês, 0 dia";      0;       0;      0;      0;       8;      0
1500167-07.2019.8.26.0412; Furto               ; Palestina              ; Vara Única                                                            ; SENIVALDO DOS REIS JUNIOR                        ; N/A                     ; N/A                    ;      0;       0;      0;      0;       0;      0
1500182-71.2022.8.26.0605; Furto               ; Mirandã³polis          ; 1ªª Vara                                                              ; THAãS DA SILVA PORTO                             ; 1 ano 2 mês 0 dia       ; 1 ano 2 mês 0 dia      ;      1;       2;      0;      1;       2;      0
1500190-32.2022.8.26.0481; Furto               ; Presidente Epitácio    ; 1ª Vara                                                               ; MARIA FERNANDA SANDOVAL EUGENIO BARREIROS TAMAOKI; N/A                     ; 1 ano, 4 mês e 0 dia   ;      0;       0;      0;      1;       4;      0
1500221-84.2019.8.26.0084; Furto               ; Campinas               ; 1ªª Vara                                                              ; VIVIANI DOURADO BERTON CHAVES                    ; N/A                     ; N/A                    ;      0;       0;      0;      0;       0;      0
1500234-64.2022.8.26.0024; Furto               ; Andradina              ; 1ª Vara                                                               ; ALEXANDRE RODRIGUES FERREIRA                     ; 2 ano 0 mês 0 dia       ; 2 ano 4 mês 0 dia      ;      2;       0;      0;      2;       4;      0
1500249-36.2018.8.26.0424; Furto               ; Pariquera-Aã§u         ; Vara ãnica                                                            ; ANDRE GOMES DO NASCIMENTO                        ; 1 ano 04 mês 0 dia      ; 0 ano 08 mês 0 dia     ;      1;       4;      0;      0;       8;      0
1500263-80.2020.8.26.0543; Furto               ; Santa Isabel           ; 2ªª Vara                                                              ; Cláudia Vilibor Breda                            ; N/A                     ; N/A                    ;      0;       0;      0;      0;       0;      0
1500287-37.2021.8.26.0620; Furto               ; Taquarituba            ; Vara Única                                                            ; DIANA CRISTINA SILVA SPESSOTTO                   ; 1 ano 0 mês 0 dia       ; 1 ano 2 mês 0 dia      ;      1;       0;      0;      1;       2;      0
1500301-63.2022.8.26.0530; Furto               ; Ribeirão Preto         ; 3ª Vara Criminal                                                      ; Vanessa Aparecida Pereira Barbosa                ; 2 ano 4 mês 0 dia       ; 3 ano 1 mês 10 dia     ;      2;       4;      0;      3;       1;     10
1500316-47.2022.8.26.0137; Furto               ; Cerquilho              ; Vara Única                                                            ; CERES DE OLIVEIRA DANCKWARDT                     ; 2 ano 8 mês 0 dia       ; 3 ano 4 mês 0 dia      ;      2;       8;      0;      3;       4;      0
1500327-28.2021.8.26.0326; Furto de coisa comum; Lucélia                ; 1ªª Vara                                                              ; SAMARA ELIZA LUTIHERI FELTRIN NESPOLI            ; N/A                     ; N/A                    ;      0;       0;      0;      0;       0;      0
1500349-09.2022.8.26.0599; Furto               ; Capivari               ; 1ªª Vara                                                              ; Fredison Capeline                                ; 2 ano 0 mês 0 dia       ; 2 ano 8 mês 0 dia      ;      2;       0;      0;      2;       8;      0
1500363-90.2022.8.26.0696; Furto               ; Ouroeste               ; Juizado Especial Cível e Criminal                                     ; WENDEL ALVES BRANCO                              ; N/A                     ; 0 ano, 3 mês e 0 dia   ;      0;       0;      0;      0;       3;      0
1500374-29.2022.8.26.0144; Furto               ; Conchal                ; Vara Única                                                            ; RAPHAELLO ALONSO GOMES CAVALCANTI                ; 1 ano 0 mês 0 dia       ; 1 ano 4 mês 0 dia      ;      1;       0;      0;      1;       4;      0
1500390-82.2020.8.26.0651; Furto               ; Valparaã­so            ; 1ªª Vara                                                              ; ERIC DOUGLAS SOARES GOMES                        ; 2 ano 4 mês 0 dia       ; 3 ano 1 mês 10 dia     ;      2;       4;      0;      3;       1;     10
1500411-64.2022.8.26.0594; Furto               ; Bauru                  ; 1ª Vara Criminal                                                      ; Érica Marcelina Cruz                             ; 1 ano 6 mês 0 dia       ; 1 ano 1 mês 10 dia     ;      1;       6;      0;      1;       1;     10
1500422-45.2022.8.26.0222; Furto               ; Guariba                ; 2ª° Vara Judicial                                                     ; DANIELA DIAS GRACIOTTO MARTINS                   ; 1 ano 2 mês 0 dia       ; 1 ano 2 mês 0 dia      ;      1;       2;      0;      1;       2;      0
1500438-58.2022.8.26.0558; Furto               ; Novo Horizonte         ; 2ªª Vara                                                              ; MARCOS VINICIUS KRAUSE BIERHALZ                  ; 1 ano 0 mês 0 dia       ; 1 ano 0 mês 0 dia      ;      1;       0;      0;      1;       0;      0
1500451-59.2018.8.26.0247; Furto               ; Ilhabela               ; 1ª Vara                                                               ; LUCAS GARBOCCI DA MOTTA                          ; N/A                     ; N/A                    ;      0;       0;      0;      0;       0;      0
1500474-45.2021.8.26.0620; Furto               ; Taquarituba            ; Vara Única                                                            ; DIANA CRISTINA SILVA SPESSOTTO                   ; 2 ano 9 mês 0 dia       ; 2 ano 3 mês 15 dia     ;      2;       9;      0;      2;       3;     15
1500474-45.2021.8.26.0620; Furto               ; Taquarituba            ; Vara Única                                                            ; DIANA CRISTINA SILVA SPESSOTTO                   ; N/A                     ; "1 ano 7 mês 7 dia"""  ;      0;       0;      0;      1;       7;      7
1500482-67.2021.8.26.0120; Furto Qualificado   ; Cã¢ndido Mota          ; 1ªª Vara                                                              ; BRUNO CãSAR GIOVANINI GARCIA                     ; 1 ano 0 mês 0 dia       ; 1 ano 4 mês 0 dia      ;      1;       0;      0;      1;       4;      0
1500483-02.2021.8.26.0072; Furto               ; Bebedouro              ; 2ª Vara                                                               ; Luiz Fernando Silva Oliveira                     ; 1 ano 0 mês 0 dia       ; 1 ano 3 mês 0 dia      ;      1;       0;      0;      1;       3;      0
1500493-50.2022.8.26.0415; Furto               ; Palmital               ; 2ªª Vara                                                              ; JONAS FERREIRA ANGELO DE DEUS                    ; 2 ano 4 mês 0 dia       ; 2 ano 9 mês 18 dia     ;      2;       4;      0;      2;       9;     18
1500519-12.2022.8.26.0621; Furto               ; Guaratinguetá          ; 1ª Vara                                                               ; Paulo César Ribeiro Meireles                     ; 2 ano 4 mês 0 dia       ; 1 ano 9 mês 23 dia     ;      2;       4;      0;      1;       9;     23
1500537-84.2019.8.26.0541; Furto               ; Santa Fé do Sul        ; 2ªª Vara                                                              ; MARCOS HIDEAKI SATO                              ; N/A                     ; N/A                    ;      0;       0;      0;      0;       0;      0
1500565-56.2020.8.26.0011; Furto               ; SãO PAULO              ; 12ª Vara Criminal                                                     ; EVA LOBO CHAIB DIAS JORGE                        ; 2 ano 0 mês 0 dia       ; 2 ano 0 mês 0 dia      ;      2;       0;      0;      2;       0;      0
1500565-56.2020.8.26.0011; Furto               ; SãO PAULO              ; 12ª Vara Criminal                                                     ; EVA LOBO CHAIB DIAS JORGE                        ; N/A                     ; "N/A"""                ;      0;       0;      0;      0;       0;      0
1500598-25.2022.8.26.0545; Furto               ; Piracaia               ; 1ªª Vara                                                              ; Cléverson de Araujo                              ; 1 ano 2 mês 0 dia       ; 1 ano 2 mês 0 dia      ;      1;       2;      0;      1;       2;      0
1500607-40.2019.8.26.0238; Furto               ; Ibiãºna                ; 2ªª Vara                                                              ; Peter Eckschmiedt                                ; 2 ano 0 mês 0 dia       ; 3 ano 0 mês 0 dia      ;      2;       0;      0;      3;       0;      0
1500607-40.2019.8.26.0238; Furto               ; Ibiãºna                ; 2ªª Vara                                                              ; Peter Eckschmiedt                                ; N/A                     ; "1 ano 0 mês 0 dia"""  ;      0;       0;      0;      1;       0;      0
1500616-84.2019.8.26.0146; Furto               ; Cordeirã³polis         ; Vara ãnica                                                            ; JULIANA SILVA FREITAS                            ; 1 ano 0 mês 0 dia       ; 1 ano 0 mês 0 dia      ;      1;       0;      0;      1;       0;      0
1500651-79.2020.8.26.0123; Furto               ; Capão Bonito           ; 2ª Vara                                                               ; Éverton Willian Pona                             ; N/A                     ; 2 ano, 1 mês e 15 dia  ;      0;       0;      0;      2;       1;     15
1500653-89.2022.8.26.0572; Furto               ; Sã£o Joaquim da Barra  ; 1ªª Vara                                                              ; AUGUSTO RACHID REIS BITTENCOURT SILVA            ; N/A                     ; N/A                    ;      0;       0;      0;      0;       0;      0
1500664-93.2022.8.26.0548; Furto               ; Campinas               ; 6ªª Vara Criminal                                                     ; JOSE GUILHERME DI RIENZO MARREY                  ; 1 ano 0 mês 0 dia       ; 1 ano 2 meses 0 dia    ;      1;       0;      0;      1;       2;      0
1500666-72.2022.8.26.0545; Furto               ; Pinhalzinho            ; Vara Única                                                            ; Fábio Franco de Camargo                          ; 1 ano 3 mês 0 dia       ; 1 ano 6 mês 22 dia     ;      1;       3;      0;      1;       6;     22
1500688-85.2020.8.26.0615; Furto               ; Tanabi                 ; 1ª Vara                                                               ; Renato Soares de Melo Filho                      ; N/A                     ; N/A                    ;      0;       0;      0;      0;       0;      0
1500691-68.2022.8.26.0583; Furto               ; Presidente Prudente    ; 3ª Vara Criminal                                                      ; Alessandro Correa Leite                          ; 2 ano 9 mês 0 dia       ; 1 ano 2 mês 0 dia      ;      2;       9;      0;      1;       2;      0
1500691-68.2022.8.26.0583; Furto               ; Presidente Prudente    ; 3ª Vara Criminal                                                      ; Alessandro Correa Leite                          ; 2 ano 9 mês 0 dia       ; "1 ano 2 mês 0 dia"""  ;      2;       9;      0;      1;       2;      0
1500711-59.2022.8.26.0583; Furto               ; Presidente Prudente    ; 3ªª Vara Criminal                                                     ; Alessandro Correa Leite                          ; 1 ano 9 mês 0 dia       ; 1 ano 9 mês 0 dia      ;      1;       9;      0;      1;       9;      0
1500712-39.2022.8.26.0617; Furto               ; Sã£o José dos Campos   ; 3ªª Vara Criminal                                                     ; Beatriz Afonso Pascoal Queiroz                   ; N/A                     ; N/A                    ;      0;       0;      0;      0;       0;      0
1500712-39.2022.8.26.0617; Furto               ; Sã£o José dos Campos   ; 3ªª Vara Criminal                                                     ; EDUARDO DE FRANCA HELENE                         ; N/A                     ; "N/A"""                ;      0;       0;      0;      0;       0;      0
1500727-03.2022.8.26.0360; Furto               ; Mococa                 ; 2ªª Vara                                                              ; GUSTAVO DE CASTRO CAMPOS                         ; 1 ano, 2 meses e 12 dias; 8 meses, 0 dias        ;      1;       2;     12;      0;       8;      0
1500727-57.2022.8.26.0536; Furto               ; Santos                 ; 4ªª Vara Criminal                                                     ; Elizabeth Lopes de Freitas                       ; 1 ano 0 mês 0 dia       ; 1 ano 0 mês 0 dia      ;      1;       0;      0;      1;       0;      0
1500738-78.2022.8.26.0571; Furto               ; Tatuí                  ; 2ª Vara Criminal                                                      ; Fabrício Orfeo Araujo                            ; 1 ano 0 mês 0 dia       ; 1 ano 4 mês 0 dia      ;      1;       0;      0;      1;       4;      0
1500753-90.2020.8.26.0062; Furto               ; Bariri                 ; 2ªª Vara                                                              ; MAURICIO MARTINES CHIADO                         ; 1 ano 2 mês 0 dia       ; 1 ano 2 mês 0 dia      ;      1;       2;      0;      1;       2;      0
1500785-53.2022.8.26.0603; Furto               ; Araã§atuba             ; 2ªª Vara Criminal                                                     ; DANILO BRAIT                                     ; 1 ano 3 mês 0 dia       ; 6 mês 0 dia            ;      1;       3;      0;      0;       6;      0
1500792-89.2021.8.26.0535; Furto               ; Guarulhos              ; 1ª Vara Criminal                                                      ; MIRIAN KEIKO SANCHES MACEDO                      ; 1 ano, 2 mês e 12 dia   ; 1 ano, 2 mês e 12 dia  ;      1;       2;     12;      1;       2;     12
1500807-92.2022.8.26.0189; Furto               ; Fernandópolis          ; 2ª Vara Criminal                                                      ; VINICIUS CASTREQUINI BUFULIN                     ; N/A                     ; N/A                    ;      0;       0;      0;      0;       0;      0
1500807-92.2022.8.26.0189; Furto               ; Fernandópolis          ; 2ª Vara Criminal                                                      ; VINICIUS CASTREQUINI BUFULIN                     ; N/A                     ; "N/A"""                ;      0;       0;      0;      0;       0;      0
1500809-96.2021.8.26.0383; Furto               ; Nhandeara              ; Vara Única                                                            ; Kerla Karen Ramalho de Castilho Magrini          ; 2 ano 0 mês 0 dia       ; 2 ano 2 mês 20 dia     ;      2;       0;      0;      2;       2;     20
1500828-59.2019.8.26.0032; Furto               ; Araã§atuba             ; 2ªª Vara Criminal                                                     ; Marcel Peres Rodrigues                           ; 1 ano, 2 mês, 0 dia     ; 9 mês, 21 dia          ;      1;       2;      0;      0;       9;     21
1500840-66.2021.8.26.0238; Furto               ; Ibiãºna                ; 2ªª Vara                                                              ; AUGUSTO BRUNO MANDELLI                           ; N/A                     ; N/A                    ;      0;       0;      0;      0;       0;      0
1500853-78.2021.8.26.0072; Furto               ; Bebedouro              ; 1ª Vara                                                               ; Neyton Fantoni Júnior                            ; 1 ano 2 mês 0 dia       ; 1 ano 2 mês 0 dia      ;      1;       2;      0;      1;       2;      0
1500864-57.2020.8.26.0294; Furto               ; Jacupiranga            ; 2ªª Vara                                                              ; Ana Carolina Gusmã£o de Souza Costa              ; 1 ano 0 mês 0 dia       ; 1 ano 0 mês 0 dia      ;      1;       0;      0;      1;       0;      0
1500895-02.2018.8.26.0568; Furto               ; São João da Boa Vista  ; Vara Criminal                                                         ; Elaní Cristina Mendes Marum                      ; 1 ano 0 mês 0 dia       ; 1 ano 2 mês 0 dia      ;      1;       0;      0;      1;       2;      0
1500897-09.2020.8.26.0242; Furto               ; Igarapava              ; 2ª Vara                                                               ; Pedro Henrique Bicalho Carvalho                  ; 2 ano 0 mês 0 dia       ; 1 ano 9 mês 0 dia      ;      2;       0;      0;      1;       9;      0
1500897-09.2020.8.26.0242; Furto               ; Igarapava              ; 2ª Vara                                                               ; Pedro Henrique Bicalho Carvalho                  ; 2 ano 0 mês 0 dia       ; 2 ano 5 mês 5 dia      ;      2;       0;      0;      2;       5;      5
1500897-09.2020.8.26.0242; Furto               ; Igarapava              ; 2ª Vara                                                               ; Pedro Henrique Bicalho Carvalho                  ; 2 ano 0 mês 0 dia       ; "2 ano 4 mês 13 dia""" ;      2;       0;      0;      2;       4;     13
1500931-69.2019.8.26.0322; Furto               ; Lins                   ; 1ª Vara Criminal                                                      ; Jane Carrasco Alves Floriano                     ; 1 ano 3 mês 0 dia       ; 1 ano 8 mês 0 dia      ;      1;       3;      0;      1;       8;      0
1500931-73.2021.8.26.0201; Furto               ; Garça                  ; 3ª Vara                                                               ; TIAGO TADEU SANTOS COELHO                        ; 1 ano, 4 mês e 15 dia   ; 1 ano, 7 mês e 7 dia   ;      1;       4;     15;      1;       7;      7
1500947-43.2022.8.26.0540; Furto               ; Mauá                   ; 1ªª Vara Criminal                                                     ; SANDRO RAFAEL BARBOSA PACHECO                    ; 2 ano 0 mês 0 dia       ; 2 ano 0 mês 0 dia      ;      2;       0;      0;      2;       0;      0
1500947-87.2020.8.26.0451; Furto               ; Piracicaba             ; Vara do Juizado Especial Cível e Criminal                             ; Luiz Augusto Barrichello Neto                    ; N/A                     ; N/A                    ;      0;       0;      0;      0;       0;      0
1500973-04.2022.8.26.0617; Furto               ; Sã£o José dos Campos   ; 2ªª Vara Criminal                                                     ; BRENNO GIMENES CESCA                             ; 1 ano 0 mês 0 dia       ; 1 ano 2 mês 0 dia      ;      1;       0;      0;      1;       2;      0
1500983-64.2020.8.26.0408; Furto               ; Ourinhos               ; 2ªª Vara Criminal                                                     ; Renata Ferreira dos Santos Carvalho              ; 1 ano 2 mês 0 dia       ; 1 ano 4 mês 10 dia     ;      1;       2;      0;      1;       4;     10
1501014-15.2019.8.26.0022; Furto               ; Amparo                 ; 1ªª Vara                                                              ; Fernando Leonardi Campanella                     ; N/A                     ; 3 ano 0 mês 0 dia      ;      0;       0;      0;      3;       0;      0
1501014-15.2019.8.26.0022; Furto               ; Amparo                 ; 1ªª Vara                                                              ; Fernando Leonardi Campanella                     ; N/A                     ; "3 ano 0 mês 0 dia"""  ;      0;       0;      0;      3;       0;      0
1501017-90.2022.8.26.0530; Furto               ; Ribeirão Preto         ; 4ª Vara Criminal                                                      ; Vanessa Aparecida Pereira Barbosa                ; 3 ano 4 mês 0 dia       ; 2 ano 11 mês 16 dia    ;      3;       4;      0;      2;      11;     16
1501042-36.2022.8.26.0617; Furto               ; Jacareí                ; 1ª Vara Criminal                                                      ; MARCOS AUGUSTO BARBOSA DOS REIS                  ; 1 ano 0 mês 0 dia       ; 3 mês 16 dia           ;      1;       0;      0;      0;       3;     16
1501056-76.2021.8.26.0545; Furto               ; Bragança Paulista      ; 2ª Vara Criminal                                                      ; Laércio José Mendes Ferreira Filho               ; 2 ano 0 mês 0 dia       ; N/A                    ;      2;       0;      0;      0;       0;      0
1501056-76.2021.8.26.0545; Furto               ; Bragança Paulista      ; 2ª Vara Criminal                                                      ; Laércio José Mendes Ferreira Filho               ; 2 ano 0 mês 0 dia       ; "N/A"""                ;      2;       0;      0;      0;       0;      0
1501093-27.2022.8.26.0559; Furto               ; Sã£o José do Rio Preto ; 5ªª Vara Criminal                                                     ; Gláucia Véspoli dos Santos Ramos de Oliveira     ; 1 ano 4 mês 0 dia       ; 1 ano 0 mês 0 dia      ;      1;       4;      0;      1;       0;      0
1501097-10.2019.8.26.0126; Furto               ; Caraguatatuba          ; Vara Criminal                                                         ; JULIO DA SILVA BRANCHINI                         ; N/A                     ; N/A                    ;      0;       0;      0;      0;       0;      0
1501109-62.2020.8.26.0587; Furto               ; Sã£o Sebastiã£o        ; Vara Criminal                                                         ; GLAUCIA FERNANDES PAIVA                          ; 2 ano 4 mês 0 dia       ; 2 ano 8 mês 0 dia      ;      2;       4;      0;      2;       8;      0
1501116-20.2021.8.26.0296; Furto               ; Jaguariúna             ; 1ª Vara                                                               ; MARCELO FORLI FORTUNA                            ; 0 ano, 3 mês e 15 dia   ; 0 ano, 4 mês e 2 dia   ;      0;       3;     15;      0;       4;      2
1501184-29.2021.8.26.0535; Furto               ; Santa Isabel           ; 2ªª Vara                                                              ; Cláudia Vilibor Breda                            ; 2 ano 4 mês 0 dia       ; 0 ano 10 mês 26 dia    ;      2;       4;      0;      0;      10;     26
1501184-29.2021.8.26.0535; Furto               ; Santa Isabel           ; 2ªª Vara                                                              ; Cláudia Vilibor Breda                            ; N/A                     ; "N/A"""                ;      0;       0;      0;      0;       0;      0
1501187-15.2020.8.26.0536; Furto               ; Sã£o Vicente           ; 1ªª Vara Criminal                                                     ; Thais Cristina Monteiro Costa Namba              ; 1 ano 6 meses 0 dia     ; 1 ano 0 meses 0 dia    ;      1;       6;      0;      1;       0;      0
1501233-87.2021.8.26.0594; Furto               ; Bauru                  ; 1ª Vara Criminal                                                      ; Érica Marcelina Cruz                             ; 2 ano 4 mês 0 dia       ; 2 ano 8 mês 20 dia     ;      2;       4;      0;      2;       8;     20
1501238-37.2021.8.26.0618; Furto               ; Taubaté                ; 2ª Vara Criminal                                                      ; Fernanda Teixeira Salviano da Rocha              ; 1ano2meses0dias         ; 4meses20dias           ;      1;       2;      0;      0;       4;     20
1501268-71.2019.8.26.0544; Furto               ; Cajamar                ; 1ª Vara Judicial                                                      ; Renato dos Santos                                ; 1 ano 0 mês 0 dia       ; 1 ano 0 mês 0 dia      ;      1;       0;      0;      1;       0;      0
1501272-55.2022.8.26.0269; Furto               ; Itapetininga           ; 1ªª Vara Criminal                                                     ; ANDRE LUIS BASTOS                                ; N/A                     ; N/A                    ;      0;       0;      0;      0;       0;      0
1501291-89.2020.8.26.0541; Furto               ; Santa Fé do Sul        ; 3ªª Vara                                                              ; RAFAEL ALMEIDA MOREIRA DE SOUZA                  ; N/A                     ; N/A                    ;      0;       0;      0;      0;       0;      0
1501296-70.2022.8.26.0047; Furto               ; Assis                  ; 1ªª Vara Criminal                                                     ; Adugar Quirino do Nascimento Souza Junior        ; N/A                     ; N/A                    ;      0;       0;      0;      0;       0;      0
1501307-42.2020.8.26.0024; Furto               ; Andradina              ; 3ªª Vara                                                              ; Pedro Luiz Fernandes Nery Rafael                 ; 1 ano 9 mês 0 dia       ; 2 ano 0 mês 0 dia      ;      1;       9;      0;      2;       0;      0
1501311-66.2021.8.26.0599; Furto               ; Piracicaba             ; 2ªª Vara Criminal                                                     ; Flavia de Cassia Gonzales de Oliveira            ; 1 ano 2 mês             ; 1 ano 2 mês            ;      1;       2;      0;      1;       2;      0
1501326-35.2021.8.26.0599; Furto               ; Piracicaba             ; 2ªª Vara Criminal                                                     ; Flavia de Cassia Gonzales de Oliveira            ; N/A                     ; 1 ano 0 mês 0 dia      ;      0;       0;      0;      1;       0;      0
1501326-35.2021.8.26.0599; Furto               ; Piracicaba             ; 2ªª Vara Criminal                                                     ; Flavia de Cassia Gonzales de Oliveira            ; N/A                     ; "0 ano 1 mês 0 dia"""  ;      0;       0;      0;      0;       1;      0
1501333-21.2022.8.26.0040; Furto               ; Américo Brasiliense    ; 2ªª Vara                                                              ; Ana Paula Comini Sinatura Asturiano              ; 2 ano 0 mês 0 dia       ; 2 ano 4 mês 0 dia      ;      2;       0;      0;      2;       4;      0
1501333-21.2022.8.26.0040; Furto               ; Américo Brasiliense    ; 2ªª Vara                                                              ; Ana Paula Comini Sinatura Asturiano              ; N/A                     ; "N/A"""                ;      0;       0;      0;      0;       0;      0
1501379-70.2019.8.26.0539; Furto               ; Santa Cruz do Rio Pardo; Vara Criminal                                                         ; PEDRO DE CASTRO E SOUSA                          ; 2 ano 4 mês 0 dia       ; 2 ano 4 mês 0 dia      ;      2;       4;      0;      2;       4;      0
1501379-70.2019.8.26.0539; Furto               ; Santa Cruz do Rio Pardo; Vara Criminal                                                         ; PEDRO DE CASTRO E SOUSA                          ; N/A                     ; "N/A"""                ;      0;       0;      0;      0;       0;      0
1501382-60.2021.8.26.0537; Furto               ; Sã£o Bernardo do Campo ; 1ªª Vara Criminal                                                     ; MARTA OLIVEIRA DE SA                             ; N/A                     ; 2 ano 6 mês 0 dia      ;      0;       0;      0;      2;       6;      0
1501401-02.2022.8.26.0062; Furto               ; Bariri                 ; 2ªª Vara                                                              ; MAURICIO MARTINES CHIADO                         ; 1 ano 2 mês 0 dia       ; 1 ano 2 mês 0 dia      ;      1;       2;      0;      1;       2;      0
1501405-07.2022.8.26.0396; Furto               ; Novo Horizonte         ; 2ª Vara                                                               ; MARCOS VINICIUS KRAUSE BIERHALZ                  ; 1 ano 2 mês 0 dia       ; 1 ano 4 mês 0 dia      ;      1;       2;      0;      1;       4;      0
1501454-07.2021.8.26.0615; Furto               ; Tanabi                 ; Juizado Especial Cível e Criminal                                     ; GISLAINE DE BRITO FALEIROS VENDRAMINI            ; N/A                     ; N/A                    ;      0;       0;      0;      0;       0;      0
1501456-71.2022.8.26.0540; Furto               ; Mauá                   ; 2ªª Vara Criminal                                                     ; Paulo Antonio Canali Campanella                  ; 1 ano, 2 mês, 0 dia     ; 1 ano, 11 mês, 10 dia  ;      1;       2;      0;      1;      11;     10
1501479-55.2021.8.26.0571; Furto               ; Sã£o Miguel Arcanjo    ; Vara ãnica                                                            ; Matheus Oliveira Nery Borges                     ; 2 ano 4 mês 0 dia       ; 2 ano 4 mês 0 dia      ;      2;       4;      0;      2;       4;      0
1501479-55.2021.8.26.0571; Furto               ; Sã£o Miguel Arcanjo    ; Vara ãnica                                                            ; Matheus Oliveira Nery Borges                     ; 2 ano 8 mês 20 dia      ; "3 ano 2 mês 3 dia"""  ;      2;       8;     20;      3;       2;      3
1501491-88.2022.8.26.0618; Furto               ; Taubaté                ; 2ª Vara Criminal                                                      ; Fernanda Teixeira Salviano da Rocha              ; 1 ano 2 mês 12 dia      ; 1 ano 11 mês 0 dia     ;      1;       2;     12;      1;      11;      0
1501539-98.2022.8.26.0407; Furto               ; Osvaldo Cruz           ; 1ª Vara                                                               ; LUCAS RICARDO GUIMARãES                          ; 2 ano 0 mês 0 dia       ; 2 ano 4 mês 0 dia      ;      2;       0;      0;      2;       4;      0
1501547-52.2022.8.26.0544; Furto               ; Jundiaí / SP           ; 1ª Vara Criminal                                                      ; MAURICIO GARIBE                                  ; 2 ano 0 mês 0 dia       ; 1 ano 0 mês 0 dia      ;      2;       0;      0;      1;       0;      0
1501547-52.2022.8.26.0544; Furto               ; Jundiaí / SP           ; 1ª Vara Criminal                                                      ; MAURICIO GARIBE                                  ; N/A                     ; "0 ano 2 mês 0 dia"""  ;      0;       0;      0;      0;       2;      0
1501576-42.2022.8.26.0079; Furto               ; Botucatu               ; Vara do Juizado Especial Cível e Criminal                             ; MARCELA MACHADO MARTINIANO                       ; N/A                     ; N/A                    ;      0;       0;      0;      0;       0;      0
1501576-42.2022.8.26.0079; Furto               ; Botucatu               ; Vara do Juizado Especial Cível e Criminal                             ; MARCELA MACHADO MARTINIANO                       ; N/A                     ; N/A                    ;      0;       0;      0;      0;       0;      0
1501612-02.2022.8.26.0559; Furto               ; Sã£o José do Rio Preto ; 5ªª Vara Criminal                                                     ; Gláucia Véspoli dos Santos Ramos de Oliveira     ; 1 ano 2 meses 0 dia     ; 1 ano 2 meses 0 dia    ;      1;       2;      0;      1;       2;      0
1501612-89.2022.8.26.0530; Furto               ; Ribeirão Preto         ; 5ª Vara Criminal                                                      ; Giovani Augusto Serra Azul Guimarães             ; 1 ano 0 mês 0 dia       ; 1 ano 4 mês 0 dia      ;      1;       0;      0;      1;       4;      0
1501619-14.2019.8.26.0554; Furto               ; Santo André            ; 2ª Vara Criminal                                                      ; Teresa Cristina Cabral Santana                   ; N/A                     ; N/A                    ;      0;       0;      0;      0;       0;      0
1501619-14.2019.8.26.0554; Furto               ; Santo André            ; 2ª Vara Criminal                                                      ; Teresa Cristina Cabral Santana                   ; N/A                     ; N/A                    ;      0;       0;      0;      0;       0;      0
1501619-14.2019.8.26.0554; Furto               ; Santo André            ; 2ª Vara Criminal                                                      ; Teresa Cristina Cabral Santana                   ; N/A                     ; "N/A"""                ;      0;       0;      0;      0;       0;      0
1501620-04.2019.8.26.0617; Furto               ; Sã£o José dos Campos   ; 3ªª Vara Criminal                                                     ; NAIRA ASSIS BARBOSA                              ; 1 ano                   ; 1 ano                  ;      1;       0;      0;      1;       0;      0
1501677-69.2022.8.26.0438; Furto               ; Penápolis              ; 4ªª Vara                                                              ; HEBER GUALBERTO MENDONCA                         ; 1 ano 0 mês 0 dia       ; 1 ano 4 mês 0 dia      ;      1;       0;      0;      1;       4;      0
1501679-59.2020.8.26.0066; Furto               ; Barretos               ; 2ª Vara Criminal                                                      ; LUCIANO DE OLIVEIRA SILVA                        ; N/A                     ; N/A                    ;      0;       0;      0;      0;       0;      0
1501760-46.2022.8.26.0548; Furto               ; Cosmã³polis            ; 1ªª Vara Judicial                                                     ; Maria Thereza Nogueira Pinto                     ; 2 ano 0 mês 0 dia       ; 2 ano 0 mês 0 dia      ;      2;       0;      0;      2;       0;      0
1501760-46.2022.8.26.0548; Furto               ; Cosmã³polis            ; 1ªª Vara Judicial                                                     ; Maria Thereza Nogueira Pinto                     ; N/A                     ; "N/A"""                ;      0;       0;      0;      0;       0;      0
1501760-46.2022.8.26.0548; Furto               ; Cosmã³polis            ; 1ªª Vara Judicial                                                     ; Maria Thereza Nogueira Pinto                     ; 2 ano 0 mês 0 dia       ; 2 ano 0 mês 0 dia      ;      2;       0;      0;      2;       0;      0
1501760-46.2022.8.26.0548; Furto               ; Cosmã³polis            ; 1ªª Vara Judicial                                                     ; Maria Thereza Nogueira Pinto                     ; N/A                     ; "N/A"""                ;      0;       0;      0;      0;       0;      0
1501824-05.2019.8.26.0599; Furto               ; Piracicaba             ; 2ªª Vara Criminal                                                     ; Flavia de Cassia Gonzales de Oliveira            ; N/A                     ; N/A                    ;      0;       0;      0;      0;       0;      0
1501834-07.2019.8.26.0322; Furto               ; Lins                   ; 1ª Vara Criminal                                                      ; Jane Carrasco Alves Floriano                     ; 2 ano 8 mês 0 dia       ; 4 ano 5 mês 10 dia     ;      2;       8;      0;      4;       5;     10
1501834-07.2019.8.26.0322; Furto               ; Lins                   ; 1ª Vara Criminal                                                      ; Jane Carrasco Alves Floriano                     ; 3 ano 0 mês 0 dia       ; "5 ano 0 mês 0 dia"""  ;      3;       0;      0;      5;       0;      0
1501850-73.2020.8.26.0047; Furto               ; Assis                  ; 2ªª  Vara Criminal e da Violência Doméstica e Familiar contra a Mulher; DIOGO PORTO VIEIRA BERTOLUCCI                    ; 1 ano 9 mês 0 dia       ; 1 ano 5 mês 15 dia     ;      1;       9;      0;      1;       5;     15
1501858-87.2020.8.26.0358; Furto               ; Mirassol               ; 2ª Vara                                                               ; ANDRE DA FONSECA TAVARES                         ; 2 ano 4 mês 0 dia       ; 3 ano 1 mês 10 dia     ;      2;       4;      0;      3;       1;     10
1501994-93.2020.8.26.0161; Furto               ; Diadema                ; 2ª Vara Criminal                                                      ; Patrícia Helena Hehl Forjaz de Toledo            ; 1 ano 4 mês 0 dia       ; 1 ano 1 mês 10 dia     ;      1;       4;      0;      1;       1;     10
1502011-59.2019.8.26.0228; Furto               ; SãO PAULO              ; 24ª Vara Criminal                                                     ; Giovana Furtado de Oliveira                      ; N/A                     ; N/A                    ;      0;       0;      0;      0;       0;      0
1502082-56.2022.8.26.0228; Furto               ; SãO PAULO              ; 31ªª Vara Criminal                                                    ; Ana Helena Rodrigues Mellim                      ; N/A                     ; N/A                    ;      0;       0;      0;      0;       0;      0
1502109-73.2021.8.26.0616; Furto               ; Ferraz de Vasconcelos  ; 2ªª Vara                                                              ; FERNANDO AWENSZTERN PAVLOVSKY                    ; N/A                     ; N/A                    ;      0;       0;      0;      0;       0;      0
1502162-40.2020.8.26.0050; Furto               ; SãO PAULO              ; 3ªª Vara Criminal                                                     ; Cecilia Pinheiro da Fonseca                      ; 1 ano 2 meses 0 dia     ; 1 ano 2 meses 0 dia    ;      1;       2;      0;      1;       2;      0
1502178-85.2019.8.26.0322; Furto               ; Lins                   ; 2ªª Vara Criminal                                                     ; Fábio Renato Mazzo Reis                          ; N/A                     ; N/A                    ;      0;       0;      0;      0;       0;      0
1502227-70.2022.8.26.0048; Furto               ; Atibaia                ; 3ªª Vara Criminal                                                     ; Leonardo Marzola Colombini                       ; 1 ano 0 mês 0 dia       ; 1 ano 0 mês 0 dia      ;      1;       0;      0;      1;       0;      0
1502244-18.2022.8.26.0530; Furto               ; Ribeirão Preto         ; 4ª Vara Criminal                                                      ; Lúcio Alberto Eneas da Silva Ferreira            ; 2 ano 0 mês 0 dia       ; 1 ano 4 mês 0 dia      ;      2;       0;      0;      1;       4;      0
1502244-18.2022.8.26.0530; Furto               ; Ribeirão Preto         ; 4ª Vara Criminal                                                      ; Lúcio Alberto Eneas da Silva Ferreira            ; N/A                     ; "0 ano 3 mês 15 dia""" ;      0;       0;      0;      0;       3;     15
1502281-45.2021.8.26.0024; Furto               ; Andradina              ; 2ªª Vara                                                              ; Edson José de Araujo Junior                      ; 2 ano 4 mês 0 dia       ; 1 ano 4 mês 10 dia     ;      2;       4;      0;      1;       4;     10
1502281-45.2021.8.26.0024; Furto               ; Andradina              ; 2ªª Vara                                                              ; Edson José de Araujo Junior                      ; 2 ano 4 mês 0 dia       ; "1 ano 4 mês 10 dia""" ;      2;       4;      0;      1;       4;     10
1502285-84.2019.8.26.0628; Furto               ; Cotia                  ; Vara Criminal                                                         ; Andressa Martins Bejarano                        ; N/A                     ; N/A                    ;      0;       0;      0;      0;       0;      0
1502357-49.2021.8.26.0548; Furto               ; Campinas               ; 5ª Vara Criminal                                                      ; LISSANDRA REIS CECCON                            ; 1 ano 2 mês 0 dia       ; 1 ano 6 mês 20 dia     ;      1;       2;      0;      1;       6;     20
1502371-68.2019.8.26.0268; Furto               ; Itapecerica da Serra   ; 2ªª Vara                                                              ; RAFAEL RAUCH                                     ; N/A                     ; N/A                    ;      0;       0;      0;      0;       0;      0
1502371-68.2019.8.26.0268; Furto               ; Itapecerica da Serra   ; 2ªª Vara                                                              ; RAFAEL RAUCH                                     ; N/A                     ; "N/A"""                ;      0;       0;      0;      0;       0;      0
1502424-87.2021.8.26.0168; Furto               ; Dracena                ; Juizado Especial Cível e Criminal                                     ; Aline Sugahara Bertaco                           ; N/A                     ; N/A                    ;      0;       0;      0;      0;       0;      0
1502446-50.2022.8.26.0544; Furto               ; Itatiba                ; Vara Criminal                                                         ; Ezaú Messias dos Santos                          ; 2 ano 0 mês 0 dia       ; 0 ano 8 mês 0 dia      ;      2;       0;      0;      0;       8;      0
1502508-48.2021.8.26.0537; Furto               ; Diadema                ; 3ªª Vara Criminal                                                     ; Maria da Conceiã§ã£o Pinto Vendeiro              ; N/A                     ; N/A                    ;      0;       0;      0;      0;       0;      0
1502512-77.2019.8.26.0045; Furto               ; Arujá                  ; 1ªª Vara                                                              ; NAIRA BLANCO MACHADO                             ; 2 ano 0 mês 0 dia       ; 2 ano 0 mês 0 dia      ;      2;       0;      0;      2;       0;      0
1502551-61.2021.8.26.0544; Furto               ; Várzea Paulista        ; 1ªª Vara                                                              ; HELOISA HELENA PALHARES MONTENEGRO DE MORAES     ; N/A                     ; N/A                    ;      0;       0;      0;      0;       0;      0
1502607-27.2020.8.26.0125; Furto               ; Capivari               ; 1ªª Vara                                                              ; Fredison Capeline                                ; N/A                     ; N/A                    ;      0;       0;      0;      0;       0;      0
1502687-85.2021.8.26.0535; Furto               ; Guarulhos              ; 5ª Vara Criminal                                                      ; PRISCILA DEVECHI FERRAZ MAIA                     ; 2 ano 0 mês 0 dia       ; 2 ano 0 mês 0 dia      ;      2;       0;      0;      2;       0;      0
1502755-71.2017.8.26.0536; Furto               ; São Vicente            ; 2ª Vara Criminal                                                      ; Luís Guilherme Vaz de Lima Cardinale             ; N/A                     ; N/A                    ;      0;       0;      0;      0;       0;      0
1502797-47.2022.8.26.0536; Furto               ; Sã£o Vicente           ; 1ªª Vara Criminal                                                     ; Alexandre Torres de Aguiar                       ; 1 ano 2 mês 0 dia       ; 1 ano 6 mês 4 dia      ;      1;       2;      0;      1;       6;      4
1502825-67.2021.8.26.0530; Furto               ; Ribeirão Preto         ; 3ª Vara Criminal                                                      ; Guacy Sibille Leite                              ; 1 ano 2 mês 0 dia       ; 0 ano 4 mês 20 dia     ;      1;       2;      0;      0;       4;     20
1502849-43.2022.8.26.0536; Furto               ; Praia Grande           ; 2ª Vara Criminal                                                      ; Antonio Carlos Costa Pessoa Martins              ; 1 ano 6 mês 0 dia       ; 1 ano 9 mês 0 dia      ;      1;       6;      0;      1;       9;      0
1502850-74.2021.8.26.0047; Furto               ; Assis                  ; 3ª Vara Criminal e da Infância e Juventude de Assis                   ; Arnaldo Luiz Zasso Valderrama                    ; 3 ano 8 mês 0 dia       ; 4 ano 3 mês 10 dia     ;      3;       8;      0;      4;       3;     10
1502986-75.2022.8.26.0196; Furto               ; Franca                 ; 3ª Vara Criminal                                                      ; Orlando Brossi Júnior                            ; 1 ano 2 mês 0 dia       ; 1 ano 4 mês 10 dia     ;      1;       2;      0;      1;       4;     10
1502994-97.2021.8.26.0548; Furto               ; Campinas               ; 1ªª Vara Criminal                                                     ; PATRãCIA SUãREZ PAE KIM                          ; 2 ano 0 mês 0 dia       ; 0 ano 9 mês 10 dia     ;      2;       0;      0;      0;       9;     10
1503119-50.2020.8.26.0047; Furto               ; Assis                  ; 3ªª Vara Criminal e da Infã¢ncia e Juventude                          ; Arnaldo Luiz Zasso Valderrama                    ; N/A                     ; N/A                    ;      0;       0;      0;      0;       0;      0
1503157-48.2022.8.26.0320; Furto               ; Limeira                ; 2ªª Vara Criminal                                                     ; Ricardo Truite Alves                             ; 2 ano 4 mês 0 dia       ; 2 ano 4 mês 0 dia      ;      2;       4;      0;      2;       4;      0
1503253-98.2022.8.26.0664; Furto               ; Votuporanga            ; 1ª Vara Criminal                                                      ; GISLAINE DE BRITO FALEIROS VENDRAMINI            ; N/A                     ; 1 ano, 2 meses e 0 dias;      0;       0;      0;      1;       2;      0
1503263-41.2022.8.26.0536; Furto               ; Santos                 ; 5ª Vara Criminal                                                      ; WALTER LUIZ ESTEVES DE AZEVEDO                   ; 1 ano 2 mês 0 dia       ; 1 ano 6 mês 20 dia     ;      1;       2;      0;      1;       6;     20
1503419-56.2021.8.26.0506; Furto               ; Ribeirão Preto         ; 1ª Vara Criminal                                                      ; Guaracy Sibille Leite                            ; N/A                     ; N/A                    ;      0;       0;      0;      0;       0;      0
1503435-79.2018.8.26.0323; Furto               ; Lorena                 ; Vara Criminal                                                         ; Daniel Otero Pereira da Costa                    ; 3 ano 0 mês 0 dia       ; 5 ano 0 mês 0 dia      ;      3;       0;      0;      5;       0;      0
1503435-79.2018.8.26.0323; Furto               ; Lorena                 ; Vara Criminal                                                         ; Daniel Otero Pereira da Costa                    ; N/A                     ; "N/A"""                ;      0;       0;      0;      0;       0;      0
1503592-33.2020.8.26.0533; Furto               ; Santa Bárbara dOeste   ; 2ªª Vara Criminal                                                     ; Lucas Borges Dias                                ; 2 ano 4 mês 0 dia       ; 1 ano 6 mês 20 dia     ;      2;       4;      0;      1;       6;     20
1503778-09.2021.8.26.0602; Furto               ; Sorocaba               ; 2ªª Vara Criminal                                                     ; Margarete Pellizari                              ; N/A                     ; N/A                    ;      0;       0;      0;      0;       0;      0
1503785-08.2021.8.26.0050; Furto               ; SãO PAULO              ; 32ª Vara Criminal                                                     ; Juliana Guelfi                                   ; 1 ano 0 mês 0 dia       ; 1 ano 8 mês 7 dia      ;      1;       0;      0;      1;       8;      7
1503785-08.2021.8.26.0050; Furto               ; SãO PAULO              ; 32ª Vara Criminal                                                     ; Juliana Guelfi                                   ; 1 ano 0 mês 0 dia       ; "1 ano 0 mês 0 dia"""  ;      1;       0;      0;      1;       0;      0
1503991-84.2021.8.26.0482; Furto               ; Presidente Prudente    ; 2ªª Vara Criminal                                                     ; Alessandro Correa Leite                          ; 1 ano, 4 mês e 15 dia   ; 2 ano, 1 mês e 19 dia  ;      1;       4;     15;      2;       1;     19
1503995-04.2020.8.26.0597; Furto               ; Sertãozinho            ; 2ª Vara Criminal                                                      ; PAULA AGUIAR PIZETA DE SANCTIS                   ; 1 ano 0 mês 0 dia       ; 1 ano 0 mês 0 dia      ;      1;       0;      0;      1;       0;      0
1504196-69.2019.8.26.0196; Furto               ; Franca                 ; 3ªª Vara Criminal                                                     ; Rodrigo Miguel Ferrari                           ; 2 ano 4 mês 0 dia       ; 2 ano 8 mês 0 dia      ;      2;       4;      0;      2;       8;      0
1504265-91.2021.8.26.0597; Furto               ; Sertãozinho            ; 2ª Vara Criminal                                                      ; PAULA AGUIAR PIZETA DE SANCTIS                   ; 2 ano 4 mês 0 dia       ; 3 ano 1 mês 10 dia     ;      2;       4;      0;      3;       1;     10
1504568-53.2018.8.26.0228; Furto               ; SãO PAULO              ; 24ªª Vara Criminal                                                    ; Giovana Furtado de Oliveira                      ; N/A                     ; N/A                    ;      0;       0;      0;      0;       0;      0
1504633-09.2022.8.26.0228; Furto               ; SãO PAULO              ; 15ª Vara Criminal                                                     ; Elaine Cristina Pulcineli Vieira Gonçalves       ; N/A                     ; N/A                    ;      0;       0;      0;      0;       0;      0
1505278-28.2020.8.26.0576; Furto               ; Sã£o José do Rio Preto ; 2ªª Vara Criminal                                                     ; Luis Guilherme Piã£o                             ; N/A                     ; N/A                    ;      0;       0;      0;      0;       0;      0
1505278-28.2020.8.26.0576; Furto               ; Sã£o José do Rio Preto ; 2ªª Vara Criminal                                                     ; Luis Guilherme Piã£o                             ; N/A                     ; "N/A"""                ;      0;       0;      0;      0;       0;      0
1505296-55.2022.8.26.0228; Furto               ; SãO PAULO              ; 13ªª Vara Criminal                                                    ; ERIKA FERNANDES                                  ; N/A                     ; N/A                    ;      0;       0;      0;      0;       0;      0
1505584-57.2021.8.26.0577; Furto               ; Sã£o José dos Campos   ; 1ªª Vara Criminal                                                     ; José Loureiro Sobrinho                           ; N/A                     ; 2 ano 4 mês 0 dia      ;      0;       0;      0;      2;       4;      0
1505828-40.2021.8.26.0268; Furto               ; Itapecerica da Serra   ; 2ªª Vara                                                              ; RAFAEL RAUCH                                     ; 1 ano 0 mês 0 dia       ; 1 ano 0 mês 0 dia      ;      1;       0;      0;      1;       0;      0
1506063-75.2018.8.26.0344; Furto               ; Marília                ; 1ª Vara Criminal                                                      ; Josiane Patricia Cabrini Martins Machado         ; 1 ano 2 mês 0 dia       ; 1 ano 2 mês 0 dia      ;      1;       2;      0;      1;       2;      0
1506119-97.2020.8.26.0228; Furto               ; SãO PAULO              ; 27ªª Vara Criminal                                                    ; Rodrigo Jae Hwa An                               ; 1 ano, 2 mês e 12 dia   ; 5 mês e 22 dia         ;      1;       2;     12;      0;       5;     22
1506273-28.2018.8.26.0506; Furto               ; Ribeirão Preto         ; 3ª Vara Criminal                                                      ; Guacy Sibille Leite                              ; N/A                     ; N/A                    ;      0;       0;      0;      0;       0;      0
1506274-13.2018.8.26.0506; Furto               ; Ribeirão Preto         ; 1ª Vara Criminal                                                      ; Guaracy Sibille Leite                            ; N/A                     ; 1 ano, 2 meses, 0 dia  ;      0;       0;      0;      1;       2;      0
1506612-89.2021.8.26.0050; Furto               ; SãO PAULO              ; 24ªª Vara Criminal                                                    ; Sonia Nazaré Fernandes Fraga                     ; 2 ano 4 mês 0 dia       ; 2 ano 0 mês 0 dia      ;      2;       4;      0;      2;       0;      0
1506773-67.2022.8.26.0405; Furto               ; Osasco                 ; 3ªª Vara Criminal                                                     ; DANIELLE MARTINS CARDOSO                         ; N/A                     ; N/A                    ;      0;       0;      0;      0;       0;      0
1507290-90.2021.8.26.0281; Furto               ; Itatiba                ; Vara Criminal                                                         ; Ezaú Messias dos Santos                          ; 1 ano 0 mês 0 dia       ; 0 ano 5 mês 10 dia     ;      1;       0;      0;      0;       5;     10
1507378-36.2020.8.26.0032; Furto               ; Araçatuba              ; 1ª Vara Criminal                                                      ; ROBERTO SOARES LEITE                             ; 1 ano 0 mês 0 dia       ; 1 ano 2 mês 0 dia      ;      1;       0;      0;      1;       2;      0
1507676-34.2020.8.26.0224; Furto               ; Guarulhos              ; 5ª Vara Criminal                                                      ; PRISCILA DEVECHI FERRAZ MAIA                     ; N/A                     ; N/A                    ;      0;       0;      0;      0;       0;      0
1507709-17.2021.8.26.0506; Furto               ; Ribeirão Preto         ; 4ª Vara Criminal                                                      ; Lúcio Alberto Eneas da Silva Ferreira            ; N/A                     ; N/A                    ;      0;       0;      0;      0;       0;      0
1507709-17.2021.8.26.0506; Furto               ; Ribeirão Preto         ; 4ª Vara Criminal                                                      ; Lúcio Alberto Eneas da Silva Ferreira            ; N/A                     ; "N/A"""                ;      0;       0;      0;      0;       0;      0
1508104-33.2022.8.26.0228; Furto               ; SãO PAULO              ; 13ªª Vara Criminal                                                    ; ERIKA FERNANDES                                  ; N/A                     ; 1 ano, 2 meses e 0 dias;      0;       0;      0;      1;       2;      0
1508282-51.2021.8.26.0281; Furto               ; Itatiba                ; Vara Criminal                                                         ; MARCELO HENRIQUE MARIANO                         ; 2 ano 0 mês 0 dia       ; 2 ano 9 mês 18 dia     ;      2;       0;      0;      2;       9;     18
1508282-51.2021.8.26.0281; Furto               ; Itatiba                ; Vara Criminal                                                         ; MARCELO HENRIQUE MARIANO                         ; 2 ano 0 mês 0 dia       ; 2 ano 9 mês 18 dia     ;      2;       0;      0;      2;       9;     18
1508282-51.2021.8.26.0281; Furto               ; Itatiba                ; Vara Criminal                                                         ; MARCELO HENRIQUE MARIANO                         ; 2 ano 0 mês 0 dia       ; "2 ano 4 mês 24 dia""" ;      2;       0;      0;      2;       4;     24
1508811-46.2022.8.26.0019; Furto               ; Americana              ; 2ªª Vara Criminal                                                     ; EUGENIO AUGUSTO CLEMENTI JUNIOR                  ; 1 ano 0 mês 0 dia       ; 1 ano 0 mês 0 dia      ;      1;       0;      0;      1;       0;      0
1508847-10.2019.8.26.0564; Furto               ; São Bernardo do Campo  ; 3ª Vara Criminal                                                      ; Edegar de Sousa Castro                           ; N/A                     ; N/A                    ;      0;       0;      0;      0;       0;      0
1509562-85.2022.8.26.0228; Furto               ; SãO PAULO              ; 31ª Vara Criminal                                                     ; Ana Helena Rodrigues Mellim                      ; 1 ano 2 mês 0 dia       ; 1 ano 2 mês 0 dia      ;      1;       2;      0;      1;       2;      0
1509622-78.2020.8.26.0050; Furto               ; SãO PAULO              ; 10ªª Vara Criminal                                                    ; Bruno Paiva Garcia                               ; N/A                     ; N/A                    ;      0;       0;      0;      0;       0;      0
1510242-38.2022.8.26.0271; Furto               ; Itapevi                ; Vara Criminal                                                         ; Udo Wolff Dick Appolo Do Amaral                  ; N/A                     ; N/A                    ;      0;       0;      0;      0;       0;      0
1510242-38.2022.8.26.0271; Furto               ; Itapevi                ; Vara Criminal                                                         ; Udo Wolff Dick Appolo Do Amaral                  ; N/A                     ; "N/A"""                ;      0;       0;      0;      0;       0;      0
1510316-08.2020.8.26.0451; Furto               ; Piracicaba             ; 1ªª Vara Criminal                                                     ; Ana Claudia Madeira de Oliveira                  ; 1 ano 0 mês 0 dia       ; 1 ano 4 mês 10 dia     ;      1;       0;      0;      1;       4;     10
1510748-03.2019.8.26.0050; Furto               ; SãO PAULO              ; 18ªª Vara Criminal                                                    ; Danielle Galhano Pereira da Silva                ; 1 ano 0 mês 0 dia       ; 0 ano 8 mês 0 dia      ;      1;       0;      0;      0;       8;      0
1510777-24.2021.8.26.0037; Furto               ; Araraquara             ; 1ªª Vara Criminal                                                     ; Adriana Albergueti Albano                        ; N/A                     ; N/A                    ;      0;       0;      0;      0;       0;      0
1511429-65.2022.8.26.0050; Furto               ; SãO PAULO              ; 10ª Vara Criminal                                                     ; Bruno Paiva Garcia                               ; N/A                     ; 2 ano 6 mês 0 dia      ;      0;       0;      0;      2;       6;      0
1511620-61.2022.8.26.0228; Furto               ; SãO PAULO              ; 15ª Vara Criminal                                                     ; MANOELA ASSEF DA SILVA                           ; 1 ano 0 mês 0 dia       ; 1 ano 0 mês 0 dia      ;      1;       0;      0;      1;       0;      0
1512413-97.2022.8.26.0228; Furto               ; SãO PAULO              ; 3ªª Vara Criminal                                                     ; Cecilia Pinheiro da Fonseca                      ; 4 ano 8 mês 0 dia       ; 4 ano 8 mês 0 dia      ;      4;       8;      0;      4;       8;      0
1512461-38.2021.8.26.0019; Furto               ; Americana              ; 2ªª Vara Criminal                                                     ; EUGENIO AUGUSTO CLEMENTI JUNIOR                  ; 1 ano 2 mês 0 dia       ; 1 ano 2 mês 0 dia      ;      1;       2;      0;      1;       2;      0
1513333-71.2022.8.26.0228; Furto               ; SãO PAULO              ; 2ª Vara Criminal                                                      ; Rodrigo Cesar Muller Valente                     ; 3 ano 0 mês 0 dia       ; 3 ano 0 mês 0 dia      ;      3;       0;      0;      3;       0;      0
1513955-53.2022.8.26.0228; Furto               ; SãO PAULO              ; 7ªª Vara Criminal                                                     ; Eliana Cassales Tosi Bastos                      ; 1 ano 2 meses 0 dia     ; 4 meses 20 dias        ;      1;       2;      0;      0;       4;     20
1514761-11.2020.8.26.0050; Furto               ; SãO PAULO              ; 23ª Vara Criminal                                                     ; Cynthia Torres Cristofaro                        ; 1 ano 0 mês 0 dia       ; 1 ano 0 mês 0 dia      ;      1;       0;      0;      1;       0;      0
1514778-27.2022.8.26.0228; Furto               ; SãO PAULO              ; 16ª Vara Criminal                                                     ; FABIOLA OLIVEIRA SILVA                           ; 0 ano, 3 mês e 15 dia   ; 0 ano, 4 mês e 2 dia   ;      0;       3;     15;      0;       4;      2
1515798-53.2022.8.26.0228; Furto               ; SãO PAULO              ; 6ª Vara Criminal                                                      ; Margot Chrysostomo Corrêa                        ; 2 ano 4 mês 0 dia       ; 2 ano 9 mês 18 dia     ;      2;       4;      0;      2;       9;     18
1516029-17.2021.8.26.0228; Furto               ; SãO PAULO              ; 15ª Vara Criminal                                                     ; PALOMA MOREIRA DE ASSIS CARVALHO                 ; 1 ano 0 mês 0 dia       ; N/A                    ;      1;       0;      0;      0;       0;      0
1517000-51.2021.8.26.0050; Furto               ; SãO PAULO              ; 12ª Vara Criminal                                                     ; EVA LOBO CHAIB DIAS JORGE                        ; 2 ano 0 mês 0 dia       ; 2 ano 4 mês 0 dia      ;      2;       0;      0;      2;       4;      0
1517000-51.2021.8.26.0050; Furto               ; SãO PAULO              ; 12ª Vara Criminal                                                     ; EVA LOBO CHAIB DIAS JORGE                        ; 2 ano 0 mês 0 dia       ; "2 ano 4 mês 0 dia"""  ;      2;       0;      0;      2;       4;      0
1517211-04.2022.8.26.0228; Furto               ; SãO PAULO              ; DIPO 4 - Seção 4.2.1                                                  ; Helena Furtado De Albuquerque Cavalcanti         ; N/A                     ; N/A                    ;      0;       0;      0;      0;       0;      0
1517839-76.2021.8.26.0050; Furto               ; SãO PAULO              ; 20ª Vara Criminal                                                     ; RICHARD FRANCISCO CHEQUINI                       ; 2 ano 8 mês 0 dia       ; 3 ano 1 mês 10 dia     ;      2;       8;      0;      3;       1;     10
1518045-07.2022.8.26.0228; Furto               ; SãO PAULO              ; 18ªª Vara Criminal                                                    ; Danielle Galhano Pereira da Silva                ; N/A                     ; N/A                    ;      0;       0;      0;      0;       0;      0
1518477-94.2020.8.26.0228; Furto               ; SãO PAULO              ; 13ª Vara Criminal                                                     ; ERIKA FERNANDES                                  ; N/A                     ; N/A                    ;      0;       0;      0;      0;       0;      0
1518519-75.2022.8.26.0228; Furto               ; SãO PAULO              ; 7ª Vara Criminal                                                      ; Eliana Cassales Tosi Bastos                      ; 1 ano 0 mês 0 dia       ; 1 ano 4 mês 0 dia      ;      1;       0;      0;      1;       4;      0
1519276-55.2021.8.26.0050; Furto               ; SãO PAULO              ; 15ª Vara Criminal                                                     ; PAULA NARIMATU DE ALMEIDA                        ; N/A                     ; N/A                    ;      0;       0;      0;      0;       0;      0
1519304-37.2022.8.26.0228; Furto               ; SãO PAULO              ; 29ª Vara Criminal                                                     ; Antonio Maria Patiño Zorz                        ; 1 ano 0 mês 0 dia       ; 1 ano 2 mês 0 dia      ;      1;       0;      0;      1;       2;      0
1520513-46.2019.8.26.0228; Furto               ; SãO PAULO              ; 25ª Vara Criminal                                                     ; Carlos Alberto Corrêa de Almeida Oliveira        ; N/A                     ; N/A                    ;      0;       0;      0;      0;       0;      0
1520639-91.2022.8.26.0228; Furto               ; SãO PAULO              ; 20ªª Vara Criminal                                                    ; RENAN AUGUSTO JACã MOTA                          ; N/A                     ; 0 ano, 6 mês e 0 dia   ;      0;       0;      0;      0;       6;      0
1521224-46.2022.8.26.0228; Furto               ; SãO PAULO              ; 24ªª Vara Criminal                                                    ; Sonia Nazaré Fernandes Fraga                     ; 3 ano 0 mês 0 dia       ; 2 ano 11 mês 0 dia     ;      3;       0;      0;      2;      11;      0
1521239-71.2019.8.26.0114; Furto               ; Campinas               ; 6ª Vara Criminal                                                      ; JOSE GUILHERME DI RIENZO MARREY                  ; N/A                     ; N/A                    ;      0;       0;      0;      0;       0;      0
1521706-14.2020.8.26.0050; Furto               ; SãO PAULO              ; 28ª Vara Criminal                                                     ; Fernanda Galizia Noriega                         ; N/A                     ; N/A                    ;      0;       0;      0;      0;       0;      0
1521742-36.2022.8.26.0228; Furto               ; SãO PAULO              ; 7ª Vara Criminal                                                      ; Eliana Cassales Tosi Bastos                      ; 1 ano 2 mês 0 dia       ; 1 ano 2 mês 0 dia      ;      1;       2;      0;      1;       2;      0
1522128-71.2019.8.26.0228; Furto               ; SãO PAULO              ; 7ªª Vara Criminal                                                     ; Eliana Cassales Tosi Bastos                      ; 1 ano 2 mês 0 dia       ; 1 ano 4 mês 10 dia     ;      1;       2;      0;      1;       4;     10
1522163-26.2022.8.26.0228; Furto               ; SãO PAULO              ; 9ª Vara Criminal                                                      ; Mariana Parmezan Annibal                         ; 1 ano 1 mês 0 dia       ; 8 meses 20 dias        ;      1;       1;      0;      0;       8;     20
1522733-17.2019.8.26.0228; Furto               ; SãO PAULO              ; 32ª Vara Criminal                                                     ; Juliana Guelfi                                   ; 1 ano, 2 meses, 0 dias  ; 1 ano, 4 meses, 10 dias;      1;       2;      0;      1;       4;     10
1522779-98.2022.8.26.0228; Furto               ; SãO PAULO              ; 5ª Vara Criminal                                                      ; Eduardo Pereira Santos Junior                    ; 1 ano 0 mês 0 dia       ; 1 ano 2 meses 0 dia    ;      1;       0;      0;      1;       2;      0
1523394-08.2021.8.26.0266; Furto               ; Itanhaém               ; 1ªª Vara                                                              ; Paulo Alexandre Rodrigues Coutinho               ; N/A                     ; N/A                    ;      0;       0;      0;      0;       0;      0
1523414-84.2019.8.26.0228; Furto               ; SãO PAULO              ; 5ªª Vara Criminal                                                     ; Eduardo Pereira Santos Junior                    ; 1 ano 0 mês 0 dia       ; 1 ano 0 mês 0 dia      ;      1;       0;      0;      1;       0;      0
1524014-37.2021.8.26.0228; Furto               ; SãO PAULO              ; 13ª Vara Criminal                                                     ; ERIKA FERNANDES                                  ; 1 ano 0 mês 0 dia       ; 1 ano 0 mês 0 dia      ;      1;       0;      0;      1;       0;      0
1524036-61.2022.8.26.0228; Furto               ; SãO PAULO              ; 24ª Vara Criminal                                                     ; Sonia Nazaré Fernandes Fraga                     ; 1 ano 0 mês 0 dia       ; 0 ano 7 mês 5 dia      ;      1;       0;      0;      0;       7;      5
1524353-59.2022.8.26.0228; Furto               ; SãO PAULO              ; 3ª Vara Criminal                                                      ; Carlos Eduardo Lora Franco                       ; N/A                     ; 2 ano 4 mês 0 dia      ;      0;       0;      0;      2;       4;      0
1524381-68.2017.8.26.0562; Furto               ; Santos                 ; 2ª Vara Criminal                                                      ; Leonardo de Mello Gonçalves                      ; 1 ano 0 mês 0 dia       ; 1 ano 0 mês 0 dia      ;      1;       0;      0;      1;       0;      0
1525258-64.2022.8.26.0228; Furto               ; SãO PAULO              ; 22ª Vara Criminal                                                     ; MARCIO LUCIO FALAVIGNA SAUANDAG                  ; 1 ano 3 mês 0 dia       ; 0 ano 8 mês 22 dia     ;      1;       3;      0;      0;       8;     22
1525403-91.2020.8.26.0228; Furto               ; SãO PAULO              ; 15ª Vara Criminal                                                     ; MANOELA ASSEF DA SILVA                           ; 1 ano 2 mês 0 dia       ; 0 ano 4 mês 20 dia     ;      1;       2;      0;      0;       4;     20
1526470-57.2021.8.26.0228; Furto               ; SãO PAULO              ; 27ªª Vara Criminal                                                    ; Luciana Piovesan                                 ; N/A                     ; N/A                    ;      0;       0;      0;      0;       0;      0
1526510-12.2018.8.26.0562; Furto               ; Santos                 ; 6ª Vara Criminal                                                      ; Silvana Amneris Rôlo Pereira Borges              ; N/A                     ; 1ano 2meses 0dias      ;      0;       0;      0;      1;       2;      0
1527685-68.2021.8.26.0228; Furto               ; SãO PAULO              ; 7ª Vara Criminal                                                      ; Eliana Cassales Tosi Bastos                      ; 1 ano 0 mês 0 dia       ; 8 meses 0 dia 0        ;      1;       0;      0;      0;       8;      0
1527875-46.2022.8.26.0050; Furto               ; SãO PAULO              ; 20ª Vara Criminal                                                     ; Carla de Oliveira Pinto Ferrari                  ; N/A                     ; N/A                    ;      0;       0;      0;      0;       0;      0
1531522-34.2021.8.26.0228; Furto               ; SãO PAULO              ; 5ª Vara Criminal                                                      ; VANESSA STRENGER                                 ; 1 ano 3 mês 0 dia       ; 1 ano 6 mês 0 dia      ;      1;       3;      0;      1;       6;      0
1531679-07.2021.8.26.0228; Furto               ; SãO PAULO              ; 15ª Vara Criminal                                                     ; PALOMA MOREIRA DE ASSIS CARVALHO                 ; N/A                     ; N/A                    ;      0;       0;      0;      0;       0;      0
1584586-34.2022.8.26.0224; Furto               ; Guarulhos              ; 2ª Vara Criminal                                                      ; Caio Ferraz de Camargo Lopasso                   ; N/A                     ; N/A                    ;      0;       0;      0;      0;       0;      0
1598584-74.2019.8.26.0224; Furto               ; Guarulhos              ; 5ª Vara Criminal                                                      ; PRISCILA DEVECHI FERRAZ MAIA                     ; N/A                     ; N/A                    ;      0;       0;      0;      0;       0;      0
3018009-15.2013.8.26.0224; Furto               ; Guarulhos              ; 2ªª Vara Criminal                                                     ; Caio Ferraz de Camargo Lopasso                   ; N/A                     ; N/A                    ;      0;       0;      0;      0;       0;      0
1500833-58.2019.8.26.0266; Furto               ; Itanhaém               ; 2ª Vara                                                               ; GUILHERME DE SIQUEIRA PASTORE                    ; 1 ano 0 mês 0 dia       ; 1 ano 0 mês 0 dia      ;      1;       0;      0;      1;       0;      0
